﻿<!-- 注释 -->
<?xml version="1.0" encoding="utf-8"?>

<Window size="380,230" caption="0,0,0,30"  showshadow="true" shadowimage="shadow/shadow.png" shadowsize="6" shadowcorner="8,8,8,8" >
	<Font id="0" name="微软雅黑" size="12" default="true" />
	<Font id="1" name="微软雅黑" size="14" />
	<VerticalLayout bkcolor="#FF202223" >
		<HorizontalLayout inset="6,-1,0,0"  height="30" >
			<Label text="添加成员" textcolor="#FFFFFFFF" font="1" />
			<FadeButton name="closebtn" width="36" height="20" tooltip="关闭" normalimage="file='sysbtn/btn_close_normal.png'" hotimage="file='sysbtn/btn_close_highlight.png'" pushedimage="file='sysbtn/btn_close_down.png' "/>
		</HorizontalLayout>
		<VerticalLayout bkcolor="#FF666666" childpadding="15">
			<Control height="30" />
			<HorizontalLayout childpadding="10" height="23" >
				<Control/>
				<Label align="right" width="80" text="姓名：" textcolor="#FFFFFFFF" />
				<Edit name="NameEdit" width="100"  />
				<Control/>
				<Control/>
			</HorizontalLayout>

			<HorizontalLayout childpadding="10" height="25">
				<Control/>
				<Label align="right" width="80" text="职业：" textcolor="#FFFFFFFF" />
				<Combo name="Combo" width="100" dropboxsize="0,220" textpadding="37,0,0,0" itemalign="center" style="combo_style">
					<ListLabelElement text="守护" selected="true" height="25" />
					<ListLabelElement text="剑星" height="25" />
					<ListLabelElement text="治愈" height="25" />
					<ListLabelElement text="护法" height="25" />
					<ListLabelElement text="魔道" height="25" />
					<ListLabelElement text="精灵" height="25" />
					<ListLabelElement text="杀星" height="25" />
					<ListLabelElement text="弓星" height="25" />
				</Combo>
				<Control/>
				<Control/>
			</HorizontalLayout>
			<HorizontalLayout childvalign="vcenter">
				<Control />
				<Button name="OkBtn" text="确定" height="30" width="75" align="center" valign="vcenter" style="colorbtn_style"/>
				<Control width="20"/>
				<Button name="CancelBtn" text="取消" height="30" width="75" align="center" valign="vcenter" style="colorbtn_style"/>
				<Control width="30"/>
			</HorizontalLayout>
		</VerticalLayout>
	</VerticalLayout>
</Window>